id,title,body,field_featured_media,author
1,Qui sommes nous,"<p>Lorem ipsum dolor sit amet, consectetur adipiscing elit. Bonum patria: miserum exilium. <b>Tum ille: Ain tandem?</b> Si enim ad populum me vocas, eum. Huius, Lyco, oratione locuples, rebus ipsis ielunior. <a href='#' target='_blank'>Suo genere perveniant ad extremum;</a> Duo Reges: constructio interrete. <a href='#' target='_blank'>Deprehensus omnem poenam contemnet.</a> <b>Invidiosum nomen est, infame, suspectum.</b> Non ego tecum iam ita iocabor, ut isdem his de rebus, cum L. Idem fecisset Epicurus, si sententiam hanc, quae nunc Hieronymi est, coniunxisset cum Aristippi vetere sententia. Theophrasti igitur, inquit, tibi liber ille placet de beata vita? </p>

<p>Huius, Lyco, oratione locuples, rebus ipsis ielunior. Sed ad rem redeamus; Quem si tenueris, non modo meum Ciceronem, sed etiam me ipsum abducas licebit. Apud ceteros autem philosophos, qui quaesivit aliquid, tacet; Nos commodius agimus. <i>Quo modo autem philosophus loquitur?</i> Quae cum dixisset paulumque institisset, Quid est? Illud dico, ea, quae dicat, praeclare inter se cohaerere. Sapientem locupletat ipsa natura, cuius divitias Epicurus parabiles esse docuit. </p>

<p>Nullus est igitur cuiusquam dies natalis. Quid ad utilitatem tantae pecuniae? Quid autem habent admirationis, cum prope accesseris? Quasi ego id curem, quid ille aiat aut neget. Quid autem habent admirationis, cum prope accesseris? Qui autem esse poteris, nisi te amor ipse ceperit? <a href='#' target='_blank'>Scrupulum, inquam, abeunti;</a> <i>Hunc vos beatum;</i> </p>

<p>Rationis enim perfectio est virtus; Beatus sibi videtur esse moriens. Quo igitur, inquit, modo? Sed erat aequius Triarium aliquid de dissensione nostra iudicare. Deinde prima illa, quae in congressu solemus: Quid tu, inquit, huc? Videsne quam sit magna dissensio? <b>Vide, quantum, inquam, fallare, Torquate.</b> Sed non alienum est, quo facilius vis verbi intellegatur, rationem huius verbi faciendi Zenonis exponere. Equidem etiam Epicurum, in physicis quidem, Democriteum puto. <a href='#' target='_blank'>Tibi hoc incredibile, quod beatissimum.</a> </p>",1,1
2,Mentions légales,"<p>Pellentesque habitant morbi tristique senectus et netus et malesuada fames ac turpis egestas. Vestibulum tortor quam, feugiat vitae, ultricies eget, tempor sit amet, ante. Donec eu libero sit amet quam egestas semper. Aenean ultricies mi vitae est. Mauris placerat eleifend leo.</p>
<p>Bacon ipsum dolor amet kielbasa alcatra doner pig sirloin, biltong jowl t-bone jerky. Pork chop alcatra prosciutto hamburger flank kielbasa chicken cow tail ham shankle. Beef ribs prosciutto tongue chuck pork landjaeger. Meatloaf jerky pastrami hamburger pork belly, pig pork kevin flank frankfurter filet mignon ham hock cupim. Shankle andouille jowl turkey porchetta.</p>
",2,1
3,Politique de confidentialité,"
<p><i>Sed dignissim lacinia nunc</i>. Class aptent taciti sociosqu ad litora torquent per conubia nostra, per inceptos himenaeos. <b>Maecenas mattis</b>. Nam nec ante. Sed lacinia, urna non tincidunt mattis, tortor neque adipiscing diam, a cursus ipsum ante quis turpis. Nulla facilisi. Ut fringilla. Suspendisse potenti. Nunc feugiat mi a tellus consequat imperdiet. Vestibulum sapien. Proin quam. Etiam ultrices. <b>Nam nec ante</b>. Suspendisse in justo eu magna luctus suscipit. Sed lectus. </p>
<p>Integer euismod lacus luctus magna. <b>Class aptent taciti sociosqu ad litora torquent per conubia nostra, per inceptos himenaeos</b>. Quisque cursus, metus vitae pharetra auctor, sem massa mattis sem, at interdum magna augue eget diam. Vestibulum ante ipsum primis in faucibus orci luctus et ultrices posuere cubilia Curae; Morbi lacinia molestie dui. Praesent blandit dolor. <i>Sed lacinia, urna non tincidunt mattis, tortor neque adipiscing diam, a cursus ipsum ante quis turpis</i>. Sed non quam. In vel mi sit amet augue congue elementum. <b>Vestibulum sapien</b>. Morbi in ipsum sit amet pede facilisis laoreet. Donec lacus nunc, viverra nec, blandit vel, egestas et, augue. Vestibulum tincidunt malesuada tellus. Ut ultrices ultrices enim. <b>Suspendisse in justo eu magna luctus suscipit</b>. Curabitur sit amet mauris. Morbi in dui quis est pulvinar ullamcorper. </p>",3,1
